<?xml version="1.0" encoding="UTF-8" ?>
<XMLDB PATH="local/activitites_plugin/db" VERSION="20150710" COMMENT="Script to add tables needed to work in Moodle Database."
    xmlns:xsi="http://www.w3.org/2001/XMLSchema-instance"
    xsi:noNamespaceSchemaLocation="../../../lib/xmldb/xmldb.xsd"
>
  <TABLES>
    <TABLE NAME="forum_post_like" COMMENT="Keeps registry of all the likes to posts made on a forum. Comes from local/activitites_plugin plugin.">
      <FIELDS>
        <FIELD NAME="id" TYPE="int" LENGTH="10" NOTNULL="true" SEQUENCE="true"/>
        <FIELD NAME="forumpostid" TYPE="int" LENGTH="20" NOTNULL="true" DEFAULT="0" SEQUENCE="false" COMMENT="The id of the liked post."/>
        <FIELD NAME="userid" TYPE="int" LENGTH="20" NOTNULL="true" DEFAULT="0" SEQUENCE="false" COMMENT="The id of the user liking the post."/>
      </FIELDS>
      <KEYS>
        <KEY NAME="primary" TYPE="primary" FIELDS="id"/>
        <KEY NAME="fk-forumpost-like" TYPE="foreign" FIELDS="forumpostid" REFTABLE="forum_posts" REFFIELDS="id"/>
        <KEY NAME="fk-user-like" TYPE="foreign" FIELDS="userid" REFTABLE="user" REFFIELDS="id"/>
      </KEYS>
    </TABLE>
	<TABLE NAME="points_log" COMMENT="Saves all the log of points earned by a user">
      <FIELDS>
        <FIELD NAME="id" TYPE="int" LENGTH="10" NOTNULL="true" SEQUENCE="true"/>
		<FIELD NAME="instance_type" TYPE="int" LENGTH="10" NOTNULL="false" SEQUENCE="false"/>
        <FIELD NAME="userid" TYPE="int" LENGTH="10" NOTNULL="true" SEQUENCE="false"/>
        <FIELD NAME="instance" TYPE="int" LENGTH="10" NOTNULL="false" SEQUENCE="false"/>
		<FIELD NAME="points" TYPE="int" LENGTH="4" NOTNULL="false" SEQUENCE="false"/>
        <FIELD NAME="dateissued" TYPE="int" LENGTH="10" NOTNULL="false" SEQUENCE="false"/>
		<FIELD NAME="message" TYPE="char" LENGTH="255" NOTNULL="false" DEFAULT="course" SEQUENCE="false" COMMENT="Why does it earned this stars"/>
      </FIELDS>
      <KEYS>
        <KEY NAME="primary" TYPE="primary" FIELDS="id"/>
      </KEYS>
    </TABLE>
	
	<TABLE NAME="points_per_module" COMMENT="Saves all the log of points earned by a user">
      <FIELDS>
        <FIELD NAME="id" TYPE="int" LENGTH="10" NOTNULL="true" SEQUENCE="true"/>
		<FIELD NAME="moduleid" TYPE="int" LENGTH="10" NOTNULL="false" SEQUENCE="false"/>
        <FIELD NAME="points" TYPE="int" LENGTH="10" NOTNULL="true" SEQUENCE="false"/>
      </FIELDS>
      <KEYS>
        <KEY NAME="primary" TYPE="primary" FIELDS="id"/>
      </KEYS>
    </TABLE>
  </TABLES>
    
</XMLDB>